<?xml version="1.0" encoding="UTF-8"?>
<beans xmlns="http://www.springframework.org/schema/beans"
       xmlns:xsi="http://www.w3.org/2001/XMLSchema-instance"
       xmlns:mvc="http://www.springframework.org/schema/mvc"
       xsi:schemaLocation="http://www.springframework.org/schema/beans
        http://www.springframework.org/schema/beans/spring-beans.xsd
        http://www.springframework.org/schema/mvc
        http://www.springframework.org/schema/mvc/spring-mvc.xsd">

    <!-- 根目录'/'对应页面 -->
    <mvc:view-controller path="/" view-name="/index.jsp"/>

    <!-- 拦截器 -->
    <mvc:interceptors>
        <!-- 获取登录信息 -->
        <mvc:interceptor>
            <mvc:mapping path="/manage/**"/>
            <bean class="com.vdata.upms.server.interceptor.UpmsInterceptor"></bean>
        </mvc:interceptor>
    </mvc:interceptors>

    <!-- Jsp视图 -->
    <bean id="viewResolver" class="org.springframework.web.servlet.view.InternalResourceViewResolver">
        <property name="order" value="1"/>
        <property name="prefix" value="/WEB-INF/jsp"/>
        <property name="suffix" value=""/>
        <property name="contentType" value="text/html; charset=utf-8"/>
        <property name="viewClass" value="org.springframework.web.servlet.view.JstlView"/>
    </bean>

</beans>